Peach Mango Juice,peach mango juice,peach juice,mango juice,juice
Apple Sparkling Juice Beverage,apple sparkling juice beverage,sparkling juice beverage,apple juice beverage,apple sparkling beverage,apple sparkling juice,apple juice,apple beverage,sparkling juice,sparkling beverage,juice beverage,juice,beverage
Organic Pasteurized Apple Juice,organic pasteurized apple juice,pasteurized apple juice,organic apple juice,organic pasteurized juice,organic juice,pasteurized juice,apple juice,juice
All Natural 100% Apple Juice,all natural 100% apple juice,all natural apple juice,natural apple juice,natural juice,apple juice,juice
Pineapple Orange Juice,pineapple orange juice,pineapple juice,orange juice,juice
Organic Orange Juice Concentrate,organic orange juice concentrate,organic juice concentrate,organic orange concentrate,orange juice concentrate,organic orange juice,organic juice,organic concentrate,orange juice,orange concentrate,juice concentrate,juice,concentrate
Organic Orange Turmeric Juice,organic orange turmeric juice,organic orange juice,organic turmeric juice,orange turmeric juice,organic juice,orange juice,turmeric juice,juice
Original Pork Sausage,original pork sausage,original sausage,pork sausage,sausage
Smoked Polish Sausage,smoked polish sausage,smoked sausage,polish sausage,sausage
Smoked Turkey Rope Sausage,smoked turkey rope sausage,smoked rope sausage,turkey rope sausage,smoked turkey sausage,smoked sausage,turkey sausage,rope sausage,sausage
Organic Breakfast Blend Black Tea,organic breakfast blend black tea,organic black tea,breakfast blend black tea,breakfast black tea,blend black tea,breakfast tea,blend tea,black tea,tea
Organic Earl Grey Black Tea,organic earl grey black Tea,earl grey black tea,organic black tea,black tea,tea
Sencha Shot Japanese Green Tea,sencha shot japanese green tea,sencha japanese green tea,sencha japan green tea,sencha green tea,japanese green tea,japan green tea,green tea,tea
2% Milkfat Reduced Fat Milk,2% milkfat reduced fat milk,2% reduced fat milk,reduced fat milk,milk
Vanilla Bean Almond Milk,vanilla bean almond milk,vanilla bean milk,vanilla almond milk,bean almond milk,vanilla milk,bean milk,almond milk,milk
Chocolate Sandwich Cookies,chocolate sandwich cookie,chocolate cookie,sandwich cookie,cookie
